epoch,lr,train_loss,val_accuracy,mean_fg_dice,dice_NETC,dice_SNFH,dice_ET,dice_RC,count_NETC,count_SNFH,count_ET,count_RC
1,9.984587e-04,1.681680,,,,,,,,,,
2,9.938442e-04,1.089851,0.982655,0.324092,0.000000,0.585664,0.430457,0.280245,16,30,25,25
3,9.861850e-04,0.963647,,,,,,,,,,
4,9.755283e-04,0.892075,0.984006,0.377082,0.000000,0.608214,0.457847,0.442268,16,30,25,25
5,9.619398e-04,0.857858,,,,,,,,,,
6,9.455033e-04,0.835568,0.987568,0.407926,0.000000,0.670389,0.499107,0.462208,16,30,25,25
7,9.263201e-04,0.804455,,,,,,,,,,
8,9.045085e-04,0.789264,0.988317,0.427878,0.000047,0.695321,0.517244,0.498901,16,30,25,25
9,8.802030e-04,0.773246,,,,,,,,,,
10,8.535534e-04,0.763099,0.987633,0.435666,0.004342,0.681125,0.526516,0.530681,16,30,25,25
11,8.247240e-04,0.761988,,,,,,,,,,
12,7.938926e-04,0.745608,0.988880,0.438360,0.005449,0.710986,0.518442,0.518563,16,30,25,25
13,7.612493e-04,0.747152,,,,,,,,,,
14,7.269952e-04,0.717751,0.989577,0.462678,0.033950,0.733016,0.531228,0.552517,16,30,25,25
15,6.913417e-04,0.716539,,,,,,,,,,
16,6.545085e-04,0.725008,0.990296,0.464370,0.031920,0.737762,0.537134,0.550664,16,30,25,25
17,6.167227e-04,0.707443,,,,,,,,,,
18,5.782172e-04,0.705379,0.991005,0.471718,0.026056,0.756687,0.535161,0.568967,16,30,25,25
19,5.392295e-04,0.697179,,,,,,,,,,
20,5.000000e-04,0.690961,0.990152,0.484142,0.062762,0.746641,0.546496,0.580669,16,30,25,25
21,4.607705e-04,0.685682,,,,,,,,,,
22,4.217828e-04,0.680668,0.988767,0.480380,0.096712,0.722636,0.522698,0.579474,16,30,25,25
23,3.832773e-04,0.685127,,,,,,,,,,
24,3.454915e-04,0.669161,0.991522,0.508215,0.109517,0.768410,0.546895,0.608037,16,30,25,25
25,3.086583e-04,0.669097,,,,,,,,,,
26,2.730048e-04,0.679077,0.991840,0.518341,0.119895,0.777651,0.562434,0.613385,16,30,25,25
27,2.387507e-04,0.660810,,,,,,,,,,
28,2.061074e-04,0.663409,0.991724,0.520734,0.133267,0.772727,0.557945,0.618996,16,30,25,25
29,1.752760e-04,0.664263,,,,,,,,,,
30,1.464466e-04,0.651382,0.992016,0.526396,0.139734,0.781489,0.564605,0.619756,16,30,25,25
31,1.197970e-04,0.650830,,,,,,,,,,
32,9.549150e-05,0.656571,0.992153,0.530770,0.151054,0.786207,0.566718,0.619102,16,30,25,25
33,7.367992e-05,0.646128,,,,,,,,,,
34,5.449674e-05,0.647649,0.992499,0.534403,0.148007,0.794708,0.570232,0.624667,16,30,25,25
35,3.806023e-05,0.645969,,,,,,,,,,
36,2.447174e-05,0.645204,0.992490,0.535334,0.158834,0.793024,0.568927,0.620551,16,30,25,25
37,1.381504e-05,0.641932,,,,,,,,,,
38,6.155830e-06,0.650140,0.992440,0.537971,0.162039,0.793768,0.571811,0.624266,16,30,25,25
39,1.541333e-06,0.643928,,,,,,,,,,
40,0.000000e+00,0.646739,0.992457,0.537419,0.160812,0.793791,0.571002,0.624070,16,30,25,25
